sequence,prob,loged
KQTDAVKK,0.84973186,-0.070718095
KESNAVKK,0.84181887,-0.07478134
KESNAVKL,0.8315502,-0.08011153
KQTDAVKL,0.81339276,-0.08969969
EESNAVKK,0.79052705,-0.10208327
EQTDAVKK,0.7875696,-0.10371106
KETSAVKK,0.7789056,-0.108515196
EESNAVKL,0.77148664,-0.11267159
KETTAVKK,0.7579549,-0.120356634
KETRAVKK,0.75679195,-0.1210235
KETSAVKL,0.7527134,-0.123370364
KESRAAKL,0.74913526,-0.12543978
KETTAVKL,0.74416584,-0.12833029
KETRAVKL,0.7327833,-0.13502444
KETFAVKK,0.7269858,-0.13847408
KESFAVKK,0.724221,-0.1401289
EETSAVKK,0.7172759,-0.14431375
KETFAVKL,0.70728207,-0.15040736
KESFAVKL,0.7045485,-0.15208913
KETRAAKL,0.6996625,-0.1551114
EQTDAVKL,0.698153,-0.1560494
EETRAVKK,0.6962816,-0.15721509
EETTAVKK,0.6951519,-0.15792029
KQTDAVKD,0.69268966,-0.1594613
KQTDAVKI,0.6729445,-0.17202078
EESRAAKL,0.6719656,-0.17265297
KQTDAKKK,0.6682485,-0.17506203
KESNAVKI,0.6665761,-0.17615028
KESSAVKK,0.6664891,-0.17620695
KQTDAAKL,0.66498905,-0.1771855
EETSAVKL,0.6622653,-0.178968
KESNAVKD,0.6608695,-0.17988431
EETTAVKL,0.6568961,-0.18250331
KESNAVDL,0.64892626,-0.18780467
RESNAVKK,0.64885837,-0.1878501
KESRAAKK,0.64668256,-0.18930887
KESTAVKK,0.6437965,-0.1912514
KQTDAKKL,0.64215595,-0.1923595
KESNAAKL,0.6413653,-0.19289456
EETRAVKL,0.6398938,-0.19389214
EETFAVKK,0.6397943,-0.19395965
KETRAVKI,0.63923705,-0.19433808
KESNAKKL,0.6373445,-0.19562578
KESTAVKL,0.6319595,-0.19931076
RESNAVKL,0.63145745,-0.19965592
KETRAKKL,0.6307271,-0.20015852
KESWGSKK,0.6194457,-0.20799679
KEFFAVKK,0.61768466,-0.2092332
KWSRAAKL,0.6175368,-0.20933719
EESFAVKK,0.617165,-0.2095987
KESSAVKL,0.61661524,-0.20998576
EESSAVKK,0.6165445,-0.21003559
KESNAKKK,0.61483145,-0.21124394
RQTDAVKK,0.6127366,-0.2127262
KENNAVKK,0.6109183,-0.21401688
EWSNAVKK,0.6108674,-0.21405308
EESNAVKI,0.6088116,-0.21551709
WQTDAVKK,0.60713285,-0.21671629
KEFTAVKK,0.60478777,-0.21839702
KQTDASKL,0.60191226,-0.22046682
KEFFAVKL,0.6004012,-0.22155845
KEFRAAKL,0.59757644,-0.22360654
KWSNAVKK,0.5969892,-0.22403353
KWSNAVKL,0.59539014,-0.22519837
KQTDAFKL,0.5936731,-0.22645263
KETVAAKL,0.59364307,-0.22647461
KETRAADL,0.58919793,-0.2297388
KQTDARKL,0.58912736,-0.22979082
EETRAVKI,0.58670986,-0.23157664
EETFAVKL,0.58568245,-0.2323378
KEFTAVKL,0.5844678,-0.2332394
RESFAVKK,0.58221793,-0.23491444
KENNAVKL,0.5792485,-0.23713511
KESVAAKL,0.5789281,-0.23737538
EWSNAVKL,0.57677376,-0.23899452
KETRAKKK,0.5718137,-0.24274546
EESNAVKD,0.57058096,-0.24368274
KEQNAVKK,0.56925,-0.24469699
EESFAVKL,0.5680817,-0.24558923
KETSAVKI,0.56715673,-0.24629693
KEQNAVKL,0.56601965,-0.2471685
EESWGSKK,0.56359184,-0.24903531
KETSAVDL,0.56313616,-0.2493866
KETIAAKL,0.5630693,-0.24943818
KESNKVKK,0.55924815,-0.25239545
KETSAVKD,0.5587564,-0.2527775
EESSAADL,0.55744594,-0.25379726
KETRAVKD,0.5574358,-0.25380516
EESTAVKK,0.55508995,-0.25563663
KESWGSKL,0.5537644,-0.25667498
KETTAVKI,0.553718,-0.2567114
KEFSAVKK,0.55320156,-0.25711662
KESRAKKL,0.55095065,-0.25888732
KESNKVKL,0.5508507,-0.25896612
RESFAVKL,0.55033726,-0.2593711
EWSRAAKL,0.5499253,-0.2596963
KETTAVDL,0.5474684,-0.26164094
KQFDAVKK,0.5424659,-0.26562756
KESNAADL,0.5415632,-0.26635087
KETTAVKD,0.5412833,-0.26657537
EESSAAKL,0.53505474,-0.2716018
EESSAVKL,0.5345401,-0.2720197
KETTAAKL,0.5333582,-0.27298102
KETSAKKL,0.5328606,-0.27338642
EQTDAVKD,0.53227836,-0.2738612
KESSAADL,0.53112364,-0.27480438
KQTDARKK,0.53073114,-0.27512544
KENFAVKK,0.52986014,-0.27583876
KETRAKDL,0.52778125,-0.27754605
WESRAAKL,0.5274184,-0.27784476
EDSVAAKL,0.5259839,-0.27902755
KEFNAVKK,0.52524996,-0.279634
KESNAKDL,0.5237267,-0.2808953
EESRAAKK,0.5207109,-0.28340337
EETRAAKL,0.5206809,-0.28342837
EESNAAKL,0.52061516,-0.2834832
KETSAAKL,0.52023757,-0.2837983
KEFSAVKL,0.5199863,-0.28400815
KETRAVDL,0.51973826,-0.28421533
KETFAVKI,0.5183362,-0.2853885
EESNAKKL,0.517019,-0.28649354
EESSASDL,0.5169843,-0.2865227
KQTDAAKK,0.5144626,-0.28864622
KWSFAVKK,0.51368314,-0.2893047
EESTAVKL,0.51338464,-0.28955713
EQTDAKKK,0.51294476,-0.28992942
EENNAVKK,0.51174366,-0.29094753
KQTDAKKI,0.5090227,-0.29326284
KESSAAKL,0.5066133,-0.2953234
KEWRAAKL,0.506,-0.2958495
KEFVAAKL,0.5057584,-0.2960569
KETFAVKD,0.5055319,-0.29625145
EESSASKL,0.50488013,-0.29681173
KETSAADL,0.5044181,-0.29720938
EWSFAVKK,0.50275815,-0.2986409
KWSFAVKL,0.5019234,-0.2993626
KQTDAQKL,0.50173706,-0.29952383
KEFNAVKL,0.50053006,-0.30056983
KGSTAVKK,0.50025177,-0.30081138
EQTDAVKI,0.4992354,-0.30169466
KESRAAKD,0.4990824,-0.30182776
KETTAKKL,0.49774033,-0.30299717
KQTDANKL,0.49754876,-0.30316436
KETTAADL,0.4954238,-0.30502316
KESFKVKK,0.494754,-0.30561072
EESNAKKK,0.49435425,-0.30596176
KEENAVKK,0.4934715,-0.30673793
KENFAVKL,0.49283722,-0.3072965
KESNAKKI,0.4921403,-0.3079111
KETRKVKK,0.4915754,-0.30840987
KEQFAVKK,0.49094737,-0.3089651
RESTAVKK,0.49077597,-0.30911672
RETTAVKK,0.49043143,-0.30942172
EESNAVDL,0.49038562,-0.30946228
EETSAVKI,0.4903025,-0.3095359
KQTDAVDL,0.4900352,-0.30977273
KQSRAAKL,0.48883227,-0.31084016
WESNAVKK,0.4863335,-0.31306583
KQFDAVKL,0.4845035,-0.31470308
KESFAVKD,0.48363,-0.3154868
KEENAVKL,0.4834778,-0.31562346
KESRAADL,0.4829617,-0.3160873
WESNAVKL,0.48205343,-0.31690484
KEQSAVKK,0.48161617,-0.31729895
KETIAAKK,0.48136356,-0.3175268
EETRAVKD,0.48135585,-0.31753376
EDSVAAKI,0.47997364,-0.31878263
EEFTAVKK,0.47939593,-0.3193057
KESFAVKI,0.4792091,-0.31947497
EDSVAAKK,0.47890443,-0.31975117
KETFAVDL,0.47863013,-0.32
KEQRAAKL,0.47829378,-0.3203053
KESRAKKK,0.4781226,-0.32046074
EESVAAKL,0.47748363,-0.32104152
KEFRAVKK,0.4755773,-0.3227789
EETIAAKL,0.47515392,-0.32316568
KWSRAAKK,0.47397274,-0.32424664
RETSAVKK,0.4738105,-0.32439533
KETIAKKL,0.47334906,-0.3248185
KWSVAAKL,0.47233096,-0.3257536
KESFKVKL,0.47116387,-0.32682803
KESSASDL,0.46908492,-0.32874855
EESNKVKK,0.46803865,-0.3297183
KETFAAKL,0.467515,-0.3302045
EGSTAVKK,0.46736363,-0.3303451
KESWGSKR,0.46720302,-0.33049437
KETRKVKL,0.46649998,-0.3311484
WQTDAVKL,0.46572462,-0.33187082
KEQFAVKL,0.46528333,-0.3322825
EEFFAVKK,0.46514744,-0.33240938
KETVAAKK,0.46452728,-0.3329888
KGSTAVKL,0.4631,-0.33432525
RESTAVKL,0.463007,-0.33441246
RQTDAVKL,0.4629056,-0.33450758
EWSSAADL,0.46230525,-0.33507118
KEWWGSKK,0.462133,-0.33523303
EWSTAVKK,0.46146896,-0.3358575
KFSRAAKL,0.4613676,-0.3359529
EETTAVKI,0.46135268,-0.33596697
KETSAKDL,0.46133152,-0.33598688
KETFAKKL,0.46085566,-0.33643508
KWSTAVKL,0.46017623,-0.33707583
KEWWSSKK,0.45932418,-0.3378807
KESRKAKL,0.45897377,-0.33821216
EETSAVKD,0.4588029,-0.33837384
KETRAAKK,0.45841223,-0.3387438
KETFKVKK,0.45765397,-0.3394628
EETRAKKL,0.4575202,-0.33958974
KETRAKKI,0.45651624,-0.34054378
KEQSAVKL,0.45638123,-0.34067222
KWSTAVKK,0.45634565,-0.3407061
KESVAAKK,0.4561574,-0.3408853
EQTDAKKL,0.45592973,-0.3411021
RETTAVKL,0.4558513,-0.34117684
KESNAAKK,0.45413387,-0.3428161
KEFRAVKL,0.45364687,-0.3432821
EQTDAAKL,0.45348096,-0.34344095
KQTDAVKA,0.452917,-0.3439814
EETVAAKL,0.4527611,-0.3441309
KQTDAFKK,0.4522093,-0.34466052
KESRFAKL,0.451805,-0.345049
EESSAVKI,0.45115578,-0.3456735
EESNKVKL,0.45071912,-0.34609404
EWSFAVKL,0.4501021,-0.346689
EEQNAVKK,0.44976148,-0.34701777
REFFAVKK,0.4483243,-0.34840775
KDSVAAKL,0.4476726,-0.3490395
RETFAVKK,0.44742382,-0.34928092
KESSAVKI,0.44718358,-0.34951416
KETFKVKL,0.44627392,-0.3503985
KETIAKKK,0.44575217,-0.35090655
EETTAVKD,0.44528618,-0.3513608
RETRAVKK,0.44479212,-0.35184294
EESWGSKL,0.44472337,-0.35191005
EENNAVKL,0.44445786,-0.35216942
KESIAAKL,0.44197476,-0.35460255
KEERAAKL,0.43798894,-0.35853687
EQFDAVKK,0.43790868,-0.35861647
KQTDAKDL,0.43710566,-0.3594136
KNSRAAKL,0.43668988,-0.3598269
KETTAKDL,0.43661332,-0.35990304
KESFAAKL,0.4364117,-0.3601036
EDSVAAKD,0.43632203,-0.36019287
KQTDAADL,0.43621865,-0.36029577
KETTKVKK,0.4351807,-0.3613304
KESWGNKK,0.43339077,-0.36312035
KESTAADL,0.4328541,-0.3636585
KEWNAVKK,0.43272945,-0.36378357
KESSASKL,0.43124798,-0.36527294
KQTDKVKK,0.4306558,-0.3658697
REFTAVKK,0.43038404,-0.36614385
KESNAVDK,0.4301883,-0.3663414
KETRFAKL,0.4295215,-0.3670151
KFSVAAKL,0.4291878,-0.36735263
KESSAKKL,0.4289215,-0.3676222
EESRAKKL,0.4287198,-0.3678265
EQTDASKL,0.42867824,-0.36786857
EFTDAVKK,0.42866287,-0.36788416
KGSFAVKK,0.42846906,-0.36808056
KETRASKL,0.4267422,-0.36983442
KQSTAAKL,0.42672977,-0.36984706
EWSNAVKI,0.42669004,-0.3698875
KESFAKKL,0.42662197,-0.3699568
KEFRAAKK,0.426145,-0.37044263
EETTAAKL,0.42604852,-0.37054095
KEWWGSKL,0.42587283,-0.3707201
EEQNAVKL,0.4257173,-0.37087873
KWSWGSKK,0.42462435,-0.37199512
EEFSAVKK,0.42448157,-0.37214118
KEFIAAKL,0.42441317,-0.37221116
KWTRAAKL,0.4233267,-0.37332436
KWTRAVKK,0.42177087,-0.37492344
EETRKVKK,0.42123613,-0.3754744
KEEWGSKK,0.4201383,-0.37660775
RETSAVKL,0.41983557,-0.3769208
KESNAVKA,0.41969272,-0.37706858
EEFTAVKL,0.41845208,-0.37835428
EWSTAVKL,0.4181952,-0.37862098
EWSSAAKL,0.41780025,-0.37903133
KQTDAIKL,0.41752303,-0.37931958
KEWNAVKL,0.4174562,-0.37938908
KETTKVKL,0.4173533,-0.37949616
KETFAKKK,0.41729623,-0.37955555
KWSNAAKL,0.41665748,-0.38022083
KEQTAVKK,0.4156969,-0.38122323
EGSTAVKL,0.41565874,-0.3812631
KESRRAKL,0.41562355,-0.38129988
EESTAAKL,0.41397598,-0.38302487
KEWWSSKL,0.41370255,-0.3833118
KETRKAKL,0.41291484,-0.3841395
KESSAVKD,0.41286668,-0.38419017
KEFFAVKI,0.41280746,-0.38425246
EETVASKL,0.41220817,-0.38488343
EESWGSKR,0.41185355,-0.38525718
KESNASKL,0.41185036,-0.38526055
